,Unnamed: 0,Media Touchpoints,vertical,geoindex,gitext,poiname,addr1,addr2,city,zip,country,latitude,longitude,cor,state
738,738,49.0,4.0,35.0,GEOKOHL,Kohl's,3150 W Henrietta Rd,,Rochester,14472,,43.08974013,-77.63534973,"(43.08974013, -77.63534973)",New York
2267,2267,50.0,4.0,36.0,GEOLOWE,Lowe's,2350 Marketplace Dr,,Rochester,14623,,43.07955973,-77.63062999,"(43.07955973, -77.63062999)",New York
2956,2956,,4.0,41.0,GEOMACYS,Macy's,20 Miracle Mile Dr,,Rochester,14623,,43.08467999,-77.63731974,"(43.08467999, -77.63731974)",New York
7164,7164,51.0,4.0,37.0,GEOSEAR,Sears-Rochester,10 Miracle Mile Dr,,Rochester,14623,,43.08535969,-77.63555006,"(43.08535969, -77.63555006)",New York
17347,61659,33.0,7.0,23.0,GEODICK,Dick's Sporting Goods,Walden Galleria,2 Walden Galleria,Buffalo,14225,,42.9138322,-78.76412309999998,"(42.9138322, -78.76412309999998)",New York
17352,61664,33.0,7.0,23.0,GEODICK,Dick's Sporting Goods,Marketplace Mall,305 Miracle Mile Drive,Rochester,14623,,43.0828606,-77.6348454,"(43.0828606, -77.6348454)",New York
17353,61665,33.0,7.0,23.0,GEODICK,Dick's Sporting Goods,The Mall At Greece Ridge,304 Greece Ridge Center,Rochester,14626,,43.20482120000001,-77.69380600000002,"(43.20482120000001, -77.69380600000002)",New York
17628,61940,33.0,7.0,23.0,GEODICK,Dick's Sporting Goods,Sycamore Plaza At Kenwood,7800 Montgomery Road,Cincinnati,45236,,39.1977201,-84.37857199999998,"(39.1977201, -84.37857199999998)",Ohio
17629,61941,33.0,7.0,23.0,GEODICK,Dick's Sporting Goods,Western Hills Market Place,5555 Glenway Avenue,Cincinnati,45238,,39.1316508,-84.61107270000002,"(39.1316508, -84.61107270000002)",Ohio
17630,61942,33.0,7.0,23.0,GEODICK,Dick's Sporting Goods,Eastgate Pavilion,650 Eastgate South Drive,Cincinnati,45245,,39.0976045,-84.2790071,"(39.0976045, -84.2790071)",Ohio
17631,61943,33.0,7.0,23.0,GEODICK,Dick's Sporting Goods,Colerain Towne Center,10180 Colerain Avenue,Cincinnati,45251,,39.2612434,-84.6015964,"(39.2612434, -84.6015964)",Ohio
17634,61946,33.0,7.0,23.0,GEODICK,Dick's Sporting Goods,Dayton Mall,"2700 Miamisburg Centerville Road, Suite 388",Dayton,45459,,39.6339777,-84.2205722,"(39.6339777, -84.2205722)",Ohio
17680,61992,33.0,7.0,23.0,GEODICK,Dick's Sporting Goods,Kentwood Towne Centre,5118 28Th Se,Grand Rapids,49512,,42.9078643,-85.5428163,"(42.9078643, -85.5428163)",Michigan
18038,81781,48.0,4.0,34.0,GEOHDPT,Beechmont,520 Ohio Pike,,Cincinnati,45255,,39.072938,-84.304852,"(39.072938, -84.304852)",Ohio
18134,81877,48.0,4.0,34.0,GEOHDPT,Brooklyn,10800 Brookpark Rd,,Cleveland,44130,,41.420404,-81.761498,"(41.420404, -81.761498)",Ohio
18350,82093,48.0,4.0,34.0,GEOHDPT,Cross County (colerain),3461 Joseph Rd,,Cincinnati,45251,,39.230473,-84.593244,"(39.230473, -84.593244)",Ohio
18570,82313,48.0,4.0,34.0,GEOHDPT,"Forest Park, OH",1266 Omniplex Drive,,Cincinnati,45240,,39.303199,-84.527435,"(39.303199, -84.527435)",Ohio
18610,82353,48.0,4.0,34.0,GEOHDPT,Gates,2361 Buffalo Road,,Rochester,14624,,43.145206,-77.71423,"(43.145206, -77.71423)",New York
18678,82421,48.0,4.0,34.0,GEOHDPT,Hamburg,4405 Milestrip Rd,,Buffalo,14219,,42.788082,-78.814472,"(42.788082, -78.814472)",New York
18710,82453,48.0,4.0,34.0,GEOHDPT,Henrietta,770 Jefferson Road,,Rochester,14623,,43.088708,-77.620214,"(43.088708, -77.620214)",New York
18774,82517,48.0,4.0,34.0,GEOHDPT,Irondequoit,1111 E Ridge Rd,,Rochester,14621,,43.196147,-77.58697,"(43.196147, -77.58697)",New York
18822,82565,48.0,4.0,34.0,GEOHDPT,Kentwood,"4646 28th Street, Se",,Grand Rapids,49512,,42.910386,-85.552109,"(42.910386, -85.552109)",Michigan
19039,82782,48.0,4.0,34.0,GEOHDPT,Miamisburg,345 N Springboro Pike,,Dayton,45449,,39.644563,-84.226226,"(39.644563, -84.226226)",Ohio
19110,82853,48.0,4.0,34.0,GEOHDPT,N Buffalo,2100 Elmwood Avenue,,Buffalo,14207,,42.953903,-78.88136800000002,"(42.953903, -78.88136800000002)",New York
19347,83090,48.0,4.0,34.0,GEOHDPT,Penfield/Rochester,750 Panorama Trails So,,Rochester,14625,,43.130686,-77.492254,"(43.130686, -77.492254)",New York
19377,83120,48.0,4.0,34.0,GEOHDPT,Pleasant Ridge,3400 Highland Ave,,Cincinnati,45213,,39.172264,-84.422555,"(39.172264, -84.422555)",Ohio
19732,83475,48.0,4.0,34.0,GEOHDPT,Steelyard,3355 Steelyard Drive,,Cleveland,44109,,41.462377,-81.688445,"(41.462377, -81.688445)",Ohio
19819,83562,48.0,4.0,34.0,GEOHDPT,Trotwood,5200 Salem Avenue,,Dayton,45426,,39.821489,-84.28085,"(39.821489, -84.28085)",Ohio
19973,83716,48.0,4.0,34.0,GEOHDPT,West Cleveland,11901 Berea Rd,,Cleveland,44111,,41.471877,-81.770917,"(41.471877, -81.770917)",Ohio
19993,83736,48.0,4.0,34.0,GEOHDPT,Western Hills,6300 Glenway Ave,,Cincinnati,45211,,39.147128,-84.623203,"(39.147128, -84.623203)",Ohio
20165,83908,,,,GEOHGOOD,Cincinnati,700 Eastgate South Dr.,32 East,Cincinnati,45245,,39.0963281,-84.27267890000002,"(39.0963281, -84.27267890000002)",Ohio
20166,83909,,,,GEOHGOOD,Cincinnati,11313 Montgomery Rd,Harpers Station,Cincinnati,45249,,39.2711078,-84.33052540000001,"(39.2711078, -84.33052540000001)",Ohio
20269,84012,,,,GEOHGOOD,Grand Rapids,3525 28th Street S.E.,Centerpointe Mall,Grand Rapids,49512,,42.91486679999999,-85.5770387,"(42.91486679999999, -85.5770387)",Michigan
20270,84013,,,,GEOHGOOD,Grand Rapids,3165 Alpine Ave,Alpine Summit,Grand Rapids,49544,,43.0215686,-85.6917567,"(43.0215686, -85.6917567)",Michigan
20930,84732,1.0,4.0,15.0,GEOJCP,Eastgate Mall,4621 Eastgate Blvd,,Cincinnati,45245,,39.104,-84.277,"(39.104, -84.277)",Ohio
20952,84754,1.0,4.0,15.0,GEOJCP,Fairfield Commons,2727 Fairfield Commons Blvd,,Dayton,45431,,39.768,-84.056,"(39.768, -84.056)",Ohio
21015,84817,1.0,4.0,15.0,GEOJCP,Governors Plaza,9365 Fields Ertel Rd,,Cincinnati,45249,,39.29,-84.304,"(39.29, -84.304)",Ohio
21183,84985,1.0,4.0,15.0,GEOJCP,Marketplace Mall,25 Miracle Mile Dr,,Rochester,14623,,43.085,-77.634,"(43.085, -77.634)",New York
21742,85544,1.0,4.0,15.0,GEOJCP,Woodland Shopg Cntr,3225 28th St SE,,Grand Rapids,49512,,42.917,-85.586,"(42.917, -85.586)",Michigan
22181,106575,64.0,4.0,86.0,GEOKRGR,FRED MEYER JEWELERS,7580 Beechmont Ave,,Cincinnati,45255,,39.072827,-84.34812559999997,"(39.072827, -84.34812559999997)",Ohio
22200,106594,64.0,4.0,86.0,GEOKRGR,FRED MEYER JEWELERS,3195 28Th St Se Spc M-108,,Grand Rapids,49512,,42.912652,-85.588663,"(42.912652, -85.588663)",Michigan
23592,107986,64.0,4.0,86.0,GEOKRGR,KROGER,3760 Paxton Ave,,Cincinnati,45209,,39.1459829,-84.429996,"(39.1459829, -84.429996)",Ohio
23593,107987,64.0,4.0,86.0,GEOKRGR,KROGER,6165 Glenway Ave,,Cincinnati,45211,,39.1441871,-84.6224894,"(39.1441871, -84.6224894)",Ohio
23594,107988,64.0,4.0,86.0,GEOKRGR,KROGER,4500 Montgomery Rd,,Cincinnati,45212,,39.1596112,-84.45671750000002,"(39.1596112, -84.45671750000002)",Ohio
23595,107989,64.0,4.0,86.0,GEOKRGR,KROGER,10595 Springfield Pike,,Cincinnati,45215,,39.2607908,-84.4695713,"(39.2607908, -84.4695713)",Ohio
23596,107990,64.0,4.0,86.0,GEOKRGR,KROGER,8241 Vine St,,Cincinnati,45216,,39.2102355,-84.474678,"(39.2102355, -84.474678)",Ohio
23598,107992,64.0,4.0,86.0,GEOKRGR,KROGER,"222 Piedmont Ave, 1St Floor",,Cincinnati,45219,,39.136337,-84.504295,"(39.136337, -84.504295)",Ohio
23599,107993,64.0,4.0,86.0,GEOKRGR,KROGER,7385 Wooster Pike,,Cincinnati,45227,,39.1417999,-84.3615264,"(39.1417999, -84.3615264)",Ohio
23600,107994,64.0,4.0,86.0,GEOKRGR,KROGER,2120 Beechmont Ave,,Cincinnati,45230,,39.0929348,-84.3869224,"(39.0929348, -84.3869224)",Ohio
23601,107995,64.0,4.0,86.0,GEOKRGR,KROGER,8421 Winton Rd,,Cincinnati,45231,,39.2204055,-84.51791340000003,"(39.2204055, -84.51791340000003)",Ohio
23602,107996,64.0,4.0,86.0,GEOKRGR,KROGER,7132 Hamilton Ave,,Cincinnati,45231,,39.2243852,-84.5488607,"(39.2243852, -84.5488607)",Ohio
23603,107997,64.0,4.0,86.0,GEOKRGR,KROGER,4777 Kenard Ave,,Cincinnati,45232,,39.1642761,-84.5143814,"(39.1642761, -84.5143814)",Ohio
23605,107999,64.0,4.0,86.0,GEOKRGR,KROGER,5080 Delhi Pike,,Cincinnati,45238,,39.0950705,-84.61213670000002,"(39.0950705, -84.61213670000002)",Ohio
23606,108000,64.0,4.0,86.0,GEOKRGR,KROGER,2310 Ferguson Rd,,Cincinnati,45238,,39.1279692,-84.600852,"(39.1279692, -84.600852)",Ohio
23607,108001,64.0,4.0,86.0,GEOKRGR,KROGER,3491 North Bend Rd,,Cincinnati,45239,,39.1907677,-84.5984508,"(39.1907677, -84.5984508)",Ohio
23608,108002,64.0,4.0,86.0,GEOKRGR,KROGER,6401 Colerain Ave,,Cincinnati,45239,,39.2066459,-84.583435,"(39.2066459, -84.583435)",Ohio
23609,108003,64.0,4.0,86.0,GEOKRGR,KROGER,1212 W Kemper Rd,,Cincinnati,45240,,39.2887777,-84.5243601,"(39.2887777, -84.5243601)",Ohio
23613,108007,64.0,4.0,86.0,GEOKRGR,KROGER,550 Old State Route 74,,Cincinnati,45244,,39.1042303,-84.29718170000002,"(39.1042303, -84.29718170000002)",Ohio
23614,108008,64.0,4.0,86.0,GEOKRGR,KROGER,"4530 Eastgate Blvd,#500",,Cincinnati,45245,,39.103088,-84.271896,"(39.103088, -84.271896)",Ohio
23615,108009,64.0,4.0,86.0,GEOKRGR,KROGER,5830 Harrison Ave,,Cincinnati,45248,,39.172815,-84.6403234,"(39.172815, -84.6403234)",Ohio
23616,108010,64.0,4.0,86.0,GEOKRGR,KROGER,11390 Montgomery Rd,,Cincinnati,45249,,39.2727193,-84.3271735,"(39.2727193, -84.3271735)",Ohio
23617,108011,64.0,4.0,86.0,GEOKRGR,KROGER,9690 Colerain Ave,,Cincinnati,45251,,39.2474341,-84.59628959999998,"(39.2474341, -84.59628959999998)",Ohio
23618,108012,64.0,4.0,86.0,GEOKRGR,KROGER,7580 Beechmont Ave,,Cincinnati,45255,,39.072827,-84.34812559999997,"(39.072827, -84.34812559999997)",Ohio
23619,108013,64.0,4.0,86.0,GEOKRGR,KROGER,450 Ohio Pike Sr 125 & Beechmont Ave.,,Cincinnati,45255,,39.073368,-84.310783,"(39.073368, -84.310783)",Ohio
23631,108025,64.0,4.0,86.0,GEOKRGR,KROGER,1024 S Smithville Rd,,Dayton,45403,,39.7534179,-84.13768759999998,"(39.7534179, -84.13768759999998)",Ohio
23632,108026,64.0,4.0,86.0,GEOKRGR,KROGER,3520 W Siebenthaler Ave,,Dayton,45406,,39.7967147,-84.2461853,"(39.7967147, -84.2461853)",Ohio
23633,108027,64.0,4.0,86.0,GEOKRGR,KROGER,1555 Wayne Ave,,Dayton,45410,,39.7459907,-84.17178340000002,"(39.7459907, -84.17178340000002)",Ohio
23634,108028,64.0,4.0,86.0,GEOKRGR,KROGER,1934 Needmore Rd,,Dayton,45414,,39.818489,-84.2001495,"(39.818489, -84.2001495)",Ohio
23636,108030,64.0,4.0,86.0,GEOKRGR,KROGER,4506 Brandt Pike,,Dayton,45424,,39.8175354,-84.1254348,"(39.8175354, -84.1254348)",Ohio
23639,108033,64.0,4.0,86.0,GEOKRGR,KROGER,700 Spinning Rd,,Dayton,45431,,39.7566521,-84.1101077,"(39.7566521, -84.1101077)",Ohio
23644,108038,64.0,4.0,86.0,GEOKRGR,KROGER,2917 W Alex Bell Rd,,Dayton,45459,,39.673954,-84.22002409999997,"(39.673954, -84.22002409999997)",Ohio
24340,108734,64.0,4.0,86.0,GEOKRGR,LITTMAN JEWELERS,680 Miracle Mile Dr,,Rochester,14623,,43.084723,-77.63754770000001,"(43.084723, -77.63754770000001)",New York
24341,108735,64.0,4.0,86.0,GEOKRGR,LITTMAN JEWELERS,448 Greece Ridge Center Dr,,Rochester,14626,,43.205865,-77.6945762,"(43.205865, -77.6945762)",New York
25222,109616,64.0,4.0,86.0,GEOKRGR,The Little Clinic,3760 Paxton Ave.,,Cincinnati,45209,,39.1459829,-84.429996,"(39.1459829, -84.429996)",Ohio
25223,109617,64.0,4.0,86.0,GEOKRGR,The Little Clinic,7132 Hamilton Ave.,,Cincinnati,45231,,39.2243852,-84.5488607,"(39.2243852, -84.5488607)",Ohio
25224,109618,64.0,4.0,86.0,GEOKRGR,The Little Clinic,5080 Delhi Pike,,Cincinnati,45238,,39.0950705,-84.61213670000002,"(39.0950705, -84.61213670000002)",Ohio
25225,109619,64.0,4.0,86.0,GEOKRGR,The Little Clinic,5830 Harrison Rd.,,Cincinnati,45248,,39.172815,-84.6403234,"(39.172815, -84.6403234)",Ohio
25226,109620,64.0,4.0,86.0,GEOKRGR,The Little Clinic,11390 Montgomery Rd.,,Cincinnati,45249,,39.2727193,-84.3271735,"(39.2727193, -84.3271735)",Ohio
25227,109621,64.0,4.0,86.0,GEOKRGR,The Little Clinic,7580 Beechmont Ave.,,Cincinnati,45255,,39.072827,-84.34812559999997,"(39.072827, -84.34812559999997)",Ohio
25650,113780,33.0,7.0,23.0,GEOMACYS,Macy's Anderson Town Center,7440 Beechmont Ave.,,Cincinnati,45255,,39.07508060000001,-84.3509985,"(39.07508060000001, -84.3509985)",Ohio
25759,113889,33.0,7.0,23.0,GEOMACYS,Macy's Dayton,2700 Miamisburg-Centerville Rd.,,Dayton,45459,,39.6339777,-84.2205722,"(39.6339777, -84.2205722)",Ohio
25882,114012,33.0,7.0,23.0,GEOMACYS,Macy's Kenwood Furniture Gallery,7800 Montgomery Road,Sycamore Plaza,Cincinnati,45236,,39.21412520000001,-84.3788447,"(39.21412520000001, -84.3788447)",Ohio
25883,114013,33.0,7.0,23.0,GEOMACYS,Macy's Kenwood Towne Center,7875 Montgomery Road,,Cincinnati,45236,,39.2025027,-84.3770223,"(39.2025027, -84.3770223)",Ohio
25921,114051,33.0,7.0,23.0,GEOMACYS,Macy's Mall At Greece Ridge Center,397 Greece Ridge Center,,Rochester,14626,,43.2070256,-77.69317459999998,"(43.2070256, -77.69317459999998)",New York
25980,114113,33.0,7.0,23.0,GEOMACYS,Macy's Northgate Mall,9531 Colerain Avenue,,Cincinnati,45251,,39.2456169,-84.60044659999998,"(39.2456169, -84.60044659999998)",Ohio
26183,114317,33.0,7.0,23.0,GEOMACYS,Macy's The Marketplace,20 Miracle Mile Drive,,Rochester,14623,,43.084048,-77.63149200000002,"(43.084048, -77.63149200000002)",New York
26202,114336,33.0,7.0,23.0,GEOMACYS,Macy's Tri-County Mall,11700 Princeton Road,,Cincinnati,45246,,39.2889965,-84.4634811,"(39.2889965, -84.4634811)",Ohio
26731,115268,,4.0,87.0,GEOMASS,FRED MEYER JEWELERS,7580 Beechmont Ave,,Cincinnati,45255,,39.072827,-84.34812559999997,"(39.072827, -84.34812559999997)",Ohio
26750,115287,,4.0,87.0,GEOMASS,FRED MEYER JEWELERS,3195 28Th St Se Spc M-108,,Grand Rapids,49512,,42.912652,-85.588663,"(42.912652, -85.588663)",Michigan
28142,116679,,4.0,87.0,GEOMASS,KROGER,3760 Paxton Ave,,Cincinnati,45209,,39.1459829,-84.429996,"(39.1459829, -84.429996)",Ohio
28143,116680,,4.0,87.0,GEOMASS,KROGER,6165 Glenway Ave,,Cincinnati,45211,,39.1441871,-84.6224894,"(39.1441871, -84.6224894)",Ohio
28144,116681,,4.0,87.0,GEOMASS,KROGER,4500 Montgomery Rd,,Cincinnati,45212,,39.1596112,-84.45671750000002,"(39.1596112, -84.45671750000002)",Ohio
28145,116682,,4.0,87.0,GEOMASS,KROGER,10595 Springfield Pike,,Cincinnati,45215,,39.2607908,-84.4695713,"(39.2607908, -84.4695713)",Ohio
28146,116683,,4.0,87.0,GEOMASS,KROGER,8241 Vine St,,Cincinnati,45216,,39.2102355,-84.474678,"(39.2102355, -84.474678)",Ohio
28148,116685,,4.0,87.0,GEOMASS,KROGER,"222 Piedmont Ave, 1St Floor",,Cincinnati,45219,,39.136337,-84.504295,"(39.136337, -84.504295)",Ohio
28149,116686,,4.0,87.0,GEOMASS,KROGER,7385 Wooster Pike,,Cincinnati,45227,,39.1417999,-84.3615264,"(39.1417999, -84.3615264)",Ohio
28150,116687,,4.0,87.0,GEOMASS,KROGER,2120 Beechmont Ave,,Cincinnati,45230,,39.0929348,-84.3869224,"(39.0929348, -84.3869224)",Ohio
28151,116688,,4.0,87.0,GEOMASS,KROGER,8421 Winton Rd,,Cincinnati,45231,,39.2204055,-84.51791340000003,"(39.2204055, -84.51791340000003)",Ohio
28152,116689,,4.0,87.0,GEOMASS,KROGER,7132 Hamilton Ave,,Cincinnati,45231,,39.2243852,-84.5488607,"(39.2243852, -84.5488607)",Ohio
28153,116690,,4.0,87.0,GEOMASS,KROGER,4777 Kenard Ave,,Cincinnati,45232,,39.1642761,-84.5143814,"(39.1642761, -84.5143814)",Ohio
28155,116692,,4.0,87.0,GEOMASS,KROGER,5080 Delhi Pike,,Cincinnati,45238,,39.0950705,-84.61213670000002,"(39.0950705, -84.61213670000002)",Ohio
28156,116693,,4.0,87.0,GEOMASS,KROGER,2310 Ferguson Rd,,Cincinnati,45238,,39.1279692,-84.600852,"(39.1279692, -84.600852)",Ohio
28157,116694,,4.0,87.0,GEOMASS,KROGER,3491 North Bend Rd,,Cincinnati,45239,,39.1907677,-84.5984508,"(39.1907677, -84.5984508)",Ohio
28158,116695,,4.0,87.0,GEOMASS,KROGER,6401 Colerain Ave,,Cincinnati,45239,,39.2066459,-84.583435,"(39.2066459, -84.583435)",Ohio
28159,116696,,4.0,87.0,GEOMASS,KROGER,1212 W Kemper Rd,,Cincinnati,45240,,39.2887777,-84.5243601,"(39.2887777, -84.5243601)",Ohio
28163,116700,,4.0,87.0,GEOMASS,KROGER,550 Old State Route 74,,Cincinnati,45244,,39.1042303,-84.29718170000002,"(39.1042303, -84.29718170000002)",Ohio
28164,116701,,4.0,87.0,GEOMASS,KROGER,"4530 Eastgate Blvd,#500",,Cincinnati,45245,,39.103088,-84.271896,"(39.103088, -84.271896)",Ohio
28165,116702,,4.0,87.0,GEOMASS,KROGER,5830 Harrison Ave,,Cincinnati,45248,,39.172815,-84.6403234,"(39.172815, -84.6403234)",Ohio
28166,116703,,4.0,87.0,GEOMASS,KROGER,11390 Montgomery Rd,,Cincinnati,45249,,39.2727193,-84.3271735,"(39.2727193, -84.3271735)",Ohio
28167,116704,,4.0,87.0,GEOMASS,KROGER,9690 Colerain Ave,,Cincinnati,45251,,39.2474341,-84.59628959999998,"(39.2474341, -84.59628959999998)",Ohio
28168,116705,,4.0,87.0,GEOMASS,KROGER,7580 Beechmont Ave,,Cincinnati,45255,,39.072827,-84.34812559999997,"(39.072827, -84.34812559999997)",Ohio
28169,116706,,4.0,87.0,GEOMASS,KROGER,450 Ohio Pike Sr 125 & Beechmont Ave.,,Cincinnati,45255,,39.073368,-84.310783,"(39.073368, -84.310783)",Ohio
28181,116718,,4.0,87.0,GEOMASS,KROGER,1024 S Smithville Rd,,Dayton,45403,,39.7534179,-84.13768759999998,"(39.7534179, -84.13768759999998)",Ohio
28182,116719,,4.0,87.0,GEOMASS,KROGER,3520 W Siebenthaler Ave,,Dayton,45406,,39.7967147,-84.2461853,"(39.7967147, -84.2461853)",Ohio
28183,116720,,4.0,87.0,GEOMASS,KROGER,1555 Wayne Ave,,Dayton,45410,,39.7459907,-84.17178340000002,"(39.7459907, -84.17178340000002)",Ohio
28184,116721,,4.0,87.0,GEOMASS,KROGER,1934 Needmore Rd,,Dayton,45414,,39.818489,-84.2001495,"(39.818489, -84.2001495)",Ohio
28186,116723,,4.0,87.0,GEOMASS,KROGER,4506 Brandt Pike,,Dayton,45424,,39.8175354,-84.1254348,"(39.8175354, -84.1254348)",Ohio
28189,116726,,4.0,87.0,GEOMASS,KROGER,700 Spinning Rd,,Dayton,45431,,39.7566521,-84.1101077,"(39.7566521, -84.1101077)",Ohio
28194,116731,,4.0,87.0,GEOMASS,KROGER,2917 W Alex Bell Rd,,Dayton,45459,,39.673954,-84.22002409999997,"(39.673954, -84.22002409999997)",Ohio
28890,117427,,4.0,87.0,GEOMASS,LITTMAN JEWELERS,680 Miracle Mile Dr,,Rochester,14623,,43.084723,-77.63754770000001,"(43.084723, -77.63754770000001)",New York
28891,117428,,4.0,87.0,GEOMASS,LITTMAN JEWELERS,448 Greece Ridge Center Dr,,Rochester,14626,,43.205865,-77.6945762,"(43.205865, -77.6945762)",New York
29813,119633,,4.0,87.0,GEOMASS,Target Beechmont Area,8680 Beechmont Ave,,Cincinnati,45255-4710,,39.073405,-84.313929,"(39.073405, -84.313929)",Ohio
29984,119804,,4.0,87.0,GEOMASS,Target Chili,3181 Chili Ave,,Rochester,14624-5409,,43.104625,-77.74614,"(43.104625, -77.74614)",New York
29993,119813,,4.0,87.0,GEOMASS,Target Cincinnati Central,4825A Marburg Ave,,Cincinnati,45209-5013,,39.162131,-84.426016,"(39.162131, -84.426016)",Ohio
30005,119825,,4.0,87.0,GEOMASS,Target Cleveland South,3535 Steelyard Dr,,Cleveland,44109-2387,,41.458019,-81.68943900000002,"(41.458019, -81.68943900000002)",Ohio
30006,119826,,4.0,87.0,GEOMASS,Target Cleveland West,3100 W 117th St,,Cleveland,44111-1747,,41.46842,-81.771174,"(41.46842, -81.771174)",Ohio
30017,119837,,4.0,87.0,GEOMASS,Target Colerain,9040 Colerain Ave,,Cincinnati,45251-2402,,39.23584,-84.589433,"(39.23584, -84.589433)",Ohio
30091,119911,,4.0,87.0,GEOMASS,Target Dayton South,2300 Miamisburg Centerville Rd,,Dayton,45459-3722,,39.633188,-84.214062,"(39.633188, -84.214062)",Ohio
30206,120026,,4.0,87.0,GEOMASS,Target Fields Ertel,9841 Waterstone Blvd,,Cincinnati,45249-8296,,39.295565,-84.304805,"(39.295565, -84.304805)",Ohio
30310,120130,,4.0,87.0,GEOMASS,Target Grand Rapids East,5120 28th St SE,,Grand Rapids,49512-2049,,42.908317,-85.541157,"(42.908317, -85.541157)",Michigan
30316,120136,,4.0,87.0,GEOMASS,Target Greece,600 Greece Ridge Center Dr,,Rochester,14626-2825,,43.2024,-77.692925,"(43.2024, -77.692925)",New York
30371,120191,,4.0,87.0,GEOMASS,Target Henrietta,2325 Marketplace Dr,,Rochester,14623-6009,,43.078449,-77.63205,"(43.078449, -77.63205)",New York
30428,120248,,4.0,87.0,GEOMASS,Target Irondequoit,500 Medley Centre Pkwy,,Rochester,14622-2466,,43.19801500000001,-77.573885,"(43.19801500000001, -77.573885)",New York
30786,120606,,4.0,87.0,GEOMASS,Target North Buffalo,2626 Delaware Ave,,Buffalo,14216-1737,,42.955802,-78.873757,"(42.955802, -78.873757)",New York
31224,121044,,4.0,87.0,GEOMASS,Target Sugarcreek Township,4341 Feedwire Rd,,Dayton,45440-3970,,39.659006,-84.104462,"(39.659006, -84.104462)",Ohio
31410,121230,,4.0,87.0,GEOMASS,Target Western Hills,6150 Glenway Ave,,Cincinnati,45211-6319,,39.144703,-84.619454,"(39.144703, -84.619454)",Ohio
31567,121387,,4.0,87.0,GEOMASS,The Little Clinic,3760 Paxton Ave.,,Cincinnati,45209,,39.1459829,-84.429996,"(39.1459829, -84.429996)",Ohio
31568,121388,,4.0,87.0,GEOMASS,The Little Clinic,7132 Hamilton Ave.,,Cincinnati,45231,,39.2243852,-84.5488607,"(39.2243852, -84.5488607)",Ohio
31569,121389,,4.0,87.0,GEOMASS,The Little Clinic,5080 Delhi Pike,,Cincinnati,45238,,39.0950705,-84.61213670000002,"(39.0950705, -84.61213670000002)",Ohio
31570,121390,,4.0,87.0,GEOMASS,The Little Clinic,5830 Harrison Rd.,,Cincinnati,45248,,39.172815,-84.6403234,"(39.172815, -84.6403234)",Ohio
31571,121391,,4.0,87.0,GEOMASS,The Little Clinic,11390 Montgomery Rd.,,Cincinnati,45249,,39.2727193,-84.3271735,"(39.2727193, -84.3271735)",Ohio
31572,121392,,4.0,87.0,GEOMASS,The Little Clinic,7580 Beechmont Ave.,,Cincinnati,45255,,39.072827,-84.34812559999997,"(39.072827, -84.34812559999997)",Ohio
36273,156427,,,,GEOODEPT,Office Depot,5387 Ridge Avenue,Ridgewater Plaza,Cincinnati,45213,,39.1701987,-84.4283162,"(39.1701987, -84.4283162)",Ohio
36276,156430,,,,GEOODEPT,Office Depot,3498 York Commons Blvd.,York Commons,Dayton,45414,,39.8440818,-84.1946268,"(39.8440818, -84.1946268)",Ohio
36277,156431,,,,GEOODEPT,Office Depot,5425 Salem Ave,Salem Consumer Square,Dayton,45426,,39.8243688,-84.2870099,"(39.8243688, -84.2870099)",Ohio
36279,156433,,,,GEOODEPT,Office Depot,2691 Miamisburg Centerville Rd,N. Of Dayton Mall,Dayton,45459,,39.638265,-84.21791379999998,"(39.638265, -84.21791379999998)",Ohio
36863,157017,,,,GEOODEPT,OfficeMax,2642 Delaware Avenue,,Buffalo,14207,,42.9554677,-78.8718193,"(42.9554677, -78.8718193)",New York
36869,157023,,,,GEOODEPT,OfficeMax,3333 West Henrietta Road,South Town Plaza,Rochester,14623,,43.095023,-77.5862439,"(43.095023, -77.5862439)",New York
37069,157223,,,,GEOODEPT,OfficeMax,4540 Eastgate Boulevard,Eastgate Mall Crossing,Cincinnati,45245,,39.1051264,-84.27262929999998,"(39.1051264, -84.27262929999998)",Ohio
37070,157224,,,,GEOODEPT,OfficeMax,9151 Fields-Ertle Rd,,Cincinnati,45249,,39.290878,-84.30823199999998,"(39.290878, -84.30823199999998)",Ohio
38927,184749,44.0,5.0,28.0,GEOSAV,Savers Thrift Store,7100 Brookpark Road,,Cleveland,44129,,41.4205154,-81.73302,"(41.4205154, -81.73302)",Ohio
39368,232744,,,,GEOTJ,Cincinnati,6140 Glenway Ave.,,Cincinnati,45211,,39.1429929,-84.6201921,"(39.1429929, -84.6201921)",Ohio
39369,232745,,,,GEOTJ,Cincinnati,7800 Montgomery Rd,,Cincinnati,45236,,39.1996906,-84.37669809999998,"(39.1996906, -84.37669809999998)",Ohio
39370,232746,,,,GEOTJ,Cincinnati,11311 Montgomery Road,,Cincinnati,45249,,39.2707694,-84.33029549999998,"(39.2707694, -84.33029549999998)",Ohio
39371,232747,,,,GEOTJ,Cincinnati,458 Ohio Pike,,Cincinnati,45255,,39.0723351,-84.3098812,"(39.0723351, -84.3098812)",Ohio
39592,232968,,,,GEOTJ,Grand Rapids,3525 28th Street SE,,Grand Rapids,49512,,42.91486679999999,-85.5770387,"(42.91486679999999, -85.5770387)",Michigan
40488,236773,63.0,4.0,85.0,GEOTRGT,Target Beechmont Area,8680 Beechmont Ave,,Cincinnati,45255-4710,,39.073405,-84.313929,"(39.073405, -84.313929)",Ohio
40659,236944,63.0,4.0,85.0,GEOTRGT,Target Chili,3181 Chili Ave,,Rochester,14624-5409,,43.104625,-77.74614,"(43.104625, -77.74614)",New York
40668,236953,63.0,4.0,85.0,GEOTRGT,Target Cincinnati Central,4825A Marburg Ave,,Cincinnati,45209-5013,,39.162131,-84.426016,"(39.162131, -84.426016)",Ohio
40680,236965,63.0,4.0,85.0,GEOTRGT,Target Cleveland South,3535 Steelyard Dr,,Cleveland,44109-2387,,41.458019,-81.68943900000002,"(41.458019, -81.68943900000002)",Ohio
40681,236966,63.0,4.0,85.0,GEOTRGT,Target Cleveland West,3100 W 117th St,,Cleveland,44111-1747,,41.46842,-81.771174,"(41.46842, -81.771174)",Ohio
40692,236977,63.0,4.0,85.0,GEOTRGT,Target Colerain,9040 Colerain Ave,,Cincinnati,45251-2402,,39.23584,-84.589433,"(39.23584, -84.589433)",Ohio
40766,237051,63.0,4.0,85.0,GEOTRGT,Target Dayton South,2300 Miamisburg Centerville Rd,,Dayton,45459-3722,,39.633188,-84.214062,"(39.633188, -84.214062)",Ohio
40881,237166,63.0,4.0,85.0,GEOTRGT,Target Fields Ertel,9841 Waterstone Blvd,,Cincinnati,45249-8296,,39.295565,-84.304805,"(39.295565, -84.304805)",Ohio
40985,237270,63.0,4.0,85.0,GEOTRGT,Target Grand Rapids East,5120 28th St SE,,Grand Rapids,49512-2049,,42.908317,-85.541157,"(42.908317, -85.541157)",Michigan
40991,237276,63.0,4.0,85.0,GEOTRGT,Target Greece,600 Greece Ridge Center Dr,,Rochester,14626-2825,,43.2024,-77.692925,"(43.2024, -77.692925)",New York
41046,237331,63.0,4.0,85.0,GEOTRGT,Target Henrietta,2325 Marketplace Dr,,Rochester,14623-6009,,43.078449,-77.63205,"(43.078449, -77.63205)",New York
41103,237388,63.0,4.0,85.0,GEOTRGT,Target Irondequoit,500 Medley Centre Pkwy,,Rochester,14622-2466,,43.19801500000001,-77.573885,"(43.19801500000001, -77.573885)",New York
41461,237746,63.0,4.0,85.0,GEOTRGT,Target North Buffalo,2626 Delaware Ave,,Buffalo,14216-1737,,42.955802,-78.873757,"(42.955802, -78.873757)",New York
41899,238184,63.0,4.0,85.0,GEOTRGT,Target Sugarcreek Township,4341 Feedwire Rd,,Dayton,45440-3970,,39.659006,-84.104462,"(39.659006, -84.104462)",Ohio
42085,238370,63.0,4.0,85.0,GEOTRGT,Target Western Hills,6150 Glenway Ave,,Cincinnati,45211-6319,,39.144703,-84.619454,"(39.144703, -84.619454)",Ohio
42185,357183,44.0,5.0,28.0,GEOWALG,Community Pharmacy,7198 Pensacola Blvd,10001 CHESTER AVE,Cleveland,44106,,41.5060639,-81.61890509999998,"(41.5060639, -81.61890509999998)",Ohio
42189,357187,44.0,5.0,28.0,GEOWALG,Community Pharmacy,1103 N Bell Blvd,555 MICHIGAN ST NE,Grand Rapids,49503,,42.97081,-85.655562,"(42.97081, -85.655562)",Michigan
43274,358272,42.0,5.0,27.0,GEOWALG,Walgreens,  Macdill Blvd Sw,650 DELAWARE AVE,Buffalo,14202,,42.9017951,-78.8738479,"(42.9017951, -78.8738479)",New York
43275,358273,42.0,5.0,27.0,GEOWALG,Walgreens,1550 Kings Hwy N,3488 MAIN ST,Buffalo,14214,,42.9576982,-78.8196048,"(42.9576982, -78.8196048)",New York
43276,358274,42.0,5.0,27.0,GEOWALG,Walgreens,  S Smith Blvd,1556 HERTEL AVE,Buffalo,14216,,42.9479303,-78.8508406,"(42.9479303, -78.8508406)",New York
43298,358296,42.0,5.0,27.0,GEOWALG,Walgreens,141 Nahatan St,430 SPENCERPORT RD,Rochester,14606,,43.1701126,-77.7006877,"(43.1701126, -77.7006877)",New York
43299,358297,44.0,5.0,28.0,GEOWALG,Walgreens,  Prolongacian De Las Americas,665 LONG POND RD,Rochester,14612,,43.2540095,-77.6971699,"(43.2540095, -77.6971699)",New York
43300,358298,42.0,5.0,27.0,GEOWALG,Walgreens,293 Main St,3535 MOUNT READ BLVD,Rochester,14616,,43.2232406,-77.65965779999998,"(43.2232406, -77.65965779999998)",New York
43301,358299,42.0,5.0,27.0,GEOWALG,Walgreens,238 Grove St,1650 ELMWOOD AVE,Rochester,14620,,43.1261659,-77.5934444,"(43.1261659, -77.5934444)",New York
43302,358300,42.0,5.0,27.0,GEOWALG,Walgreens,40 Beach St,720 E RIDGE RD,Rochester,14621,,43.1970775,-77.599239,"(43.1970775, -77.599239)",New York
43304,358302,42.0,5.0,27.0,GEOWALG,Walgreens,3152 Chili Ave,3127 CHILI AVE,Rochester,14624,,43.1077054,-77.74358640000001,"(43.1077054, -77.74358640000001)",New York
43305,358303,42.0,5.0,27.0,GEOWALG,Walgreens,60 Everett St,1659 PENFIELD RD,Rochester,14625,,43.13234050000001,-77.49206009999997,"(43.13234050000001, -77.49206009999997)",New York
45692,360690,42.0,5.0,27.0,GEOWALG,Walgreens,215 Sunburst Hwy,6410 BROADWAY AVE,Cleveland,44105,,41.4622696,-81.64606440000001,"(41.4622696, -81.64606440000001)",Ohio
45693,360691,42.0,5.0,27.0,GEOWALG,Walgreens,6715 Backlick Rd,11401 UNION AVE,Cleveland,44105,,41.4639581,-81.6037192,"(41.4639581, -81.6037192)",Ohio
45696,360694,42.0,5.0,27.0,GEOWALG,Walgreens,801 Pennsylvania Ave Se,4265 STATE RD,Cleveland,44109,,41.4381855,-81.7065583,"(41.4381855, -81.7065583)",Ohio
45697,360695,44.0,5.0,28.0,GEOWALG,Walgreens,1101 Fort Street Mall,3415 CLARK AVE,Cleveland,44109,,41.4693581,-81.7069195,"(41.4693581, -81.7069195)",Ohio
45698,360696,42.0,5.0,27.0,GEOWALG,Walgreens,451 7th St Sw,15609 LAKE SHORE BLVD,Cleveland,44110,,41.5794424,-81.5715627,"(41.5794424, -81.5715627)",Ohio
45699,360697,42.0,5.0,27.0,GEOWALG,Walgreens,1000 Independence Ave Sw,16803 LORAIN AVE,Cleveland,44111,,41.4500635,-81.8151898,"(41.4500635, -81.8151898)",Ohio
45712,360710,42.0,5.0,27.0,GEOWALG,Walgreens,1583 Route 22,4071 LEE RD,Cleveland,44128,,41.44847120000001,-81.5638844,"(41.44847120000001, -81.5638844)",Ohio
45720,360718,42.0,5.0,27.0,GEOWALG,Walgreens,25938 John J Williams Hwy,4281 W 130TH ST,Cleveland,44135,,41.4384361,-81.7792957,"(41.4384361, -81.7792957)",Ohio
45802,360800,42.0,5.0,27.0,GEOWALG,Walgreens,485 Rt-134,4241 GLENWAY AVE,Cincinnati,45205,,39.113785,-84.5845967,"(39.113785, -84.5845967)",Ohio
45803,360801,42.0,5.0,27.0,GEOWALG,Walgreens,7046 Ridge Rd,3822 PAXTON AVE,Cincinnati,45209,,39.1459461,-84.42778559999998,"(39.1459461, -84.42778559999998)",Ohio
45804,360802,42.0,5.0,27.0,GEOWALG,Walgreens,855 Farmington Ave,3186 HARRISON AVE,Cincinnati,45211,,39.1535446,-84.6022212,"(39.1535446, -84.6022212)",Ohio
45806,360804,42.0,5.0,27.0,GEOWALG,Walgreens,200 Meeting St,6204 MONTGOMERY RD,Cincinnati,45213,,39.1831698,-84.4248933,"(39.1831698, -84.4248933)",Ohio
45807,360805,42.0,5.0,27.0,GEOWALG,Walgreens,382 Main St,9 W MITCHELL AVE,Cincinnati,45217,,39.1601645,-84.505425,"(39.1601645, -84.505425)",Ohio
45809,360807,42.0,5.0,27.0,GEOWALG,Walgreens,2033 N Mannheim Rd,7398 WOOSTER PIKE,Cincinnati,45227,,39.1425491,-84.36015450000002,"(39.1425491, -84.36015450000002)",Ohio
45811,360809,44.0,5.0,28.0,GEOWALG,Walgreens,3501 W Sunrise Blvd,7135 BEECHMONT AVE,Cincinnati,45230,,39.0730359,-84.3621066,"(39.0730359, -84.3621066)",Ohio
45812,360810,42.0,5.0,27.0,GEOWALG,Walgreens,905 E Basin Rd,2335 JOHN GRAY RD,Cincinnati,45231,,39.30743560000001,-84.5630515,"(39.30743560000001, -84.5630515)",Ohio
45814,360812,42.0,5.0,27.0,GEOWALG,Walgreens,4184 State Route 31,8210 WINTON RD,Cincinnati,45231,,39.21644420000001,-84.5175858,"(39.21644420000001, -84.5175858)",Ohio
45815,360813,42.0,5.0,27.0,GEOWALG,Walgreens,473 Railroad St,6918 HAMILTON AVE,Cincinnati,45231,,39.218374,-84.5488191,"(39.218374, -84.5488191)",Ohio
45817,360815,42.0,5.0,27.0,GEOWALG,Walgreens,586 Bloomfield Ave,1776 SEYMOUR AVE,Cincinnati,45237,,39.1902744,-84.4638857,"(39.1902744, -84.4638857)",Ohio
45818,360816,42.0,5.0,27.0,GEOWALG,Walgreens,13328 Philmont Ave,2320 BOUDINOT AVE,Cincinnati,45238,,39.1283455,-84.60457779999999,"(39.1283455, -84.60457779999999)",Ohio
45819,360817,42.0,5.0,27.0,GEOWALG,Walgreens,372 Timpany Blvd,398 ANDERSON FERRY RD,Cincinnati,45238,,39.0936099,-84.6175108,"(39.0936099, -84.6175108)",Ohio
45820,360818,42.0,5.0,27.0,GEOWALG,Walgreens,26 Kingstown Rd,3084 W GALBRAITH RD,Cincinnati,45239,,39.2203932,-84.58513959999998,"(39.2203932, -84.58513959999998)",Ohio
45822,360820,42.0,5.0,27.0,GEOWALG,Walgreens,5494 Leavitt Rd,3105 GLENDALE MILFORD RD,Cincinnati,45241,,39.2534253,-84.4221431,"(39.2534253, -84.4221431)",Ohio
45825,360823,42.0,5.0,27.0,GEOWALG,Walgreens,2308 W Passyunk Ave,719 OHIO PIKE,Cincinnati,45245,,39.0646204,-84.28778100000002,"(39.0646204, -84.28778100000002)",Ohio
45827,360825,42.0,5.0,27.0,GEOWALG,Walgreens,1073 Us-206,5403 N BEND RD,Cincinnati,45247,,39.18878170000001,-84.6022863,"(39.18878170000001, -84.6022863)",Ohio
45828,360826,42.0,5.0,27.0,GEOWALG,Walgreens,709 S Black Horse Pike,5508 BRIDGETOWN RD,Cincinnati,45248,,39.1582973,-84.6304186,"(39.1582973, -84.6304186)",Ohio
45829,360827,42.0,5.0,27.0,GEOWALG,Walgreens,1002 Ocean Ave,9775 COLERAIN AVE,Cincinnati,45251,,39.2490737,-84.597668,"(39.2490737, -84.597668)",Ohio
45830,360828,42.0,5.0,27.0,GEOWALG,Walgreens,806 Nissan Dr,1982 EIGHT MILE RD,Cincinnati,45255,,39.0873478,-84.3214004,"(39.0873478, -84.3214004)",Ohio
45839,360837,42.0,5.0,27.0,GEOWALG,Walgreens,3438 John F Kennedy Blvd,4121 HOOVER AVE,Dayton,45402,,39.7624975,-84.2529699,"(39.7624975, -84.2529699)",Ohio
45840,360838,42.0,5.0,27.0,GEOWALG,Walgreens,1714 Woodbridge Ave,4855 N MAIN ST,Dayton,45405,,39.8123079,-84.2281123,"(39.8123079, -84.2281123)",Ohio
45841,360839,42.0,5.0,27.0,GEOWALG,Walgreens,4460 Easton Ave,2710 SALEM AVE,Dayton,45406,,39.7872566,-84.23571340000002,"(39.7872566, -84.23571340000002)",Ohio
45842,360840,42.0,5.0,27.0,GEOWALG,Walgreens,82-09 153rd Ave,1542 WAYNE AVE,Dayton,45410,,39.7469152,-84.1707223,"(39.7469152, -84.1707223)",Ohio
45843,360841,42.0,5.0,27.0,GEOWALG,Walgreens,501 Commack Rd,2600 S SMITHVILLE RD,Dayton,45420,,39.7297443,-84.14110759999998,"(39.7297443, -84.14110759999998)",Ohio
45850,360848,42.0,5.0,27.0,GEOWALG,Walgreens,1909 N Western Ave,5901 SPRINGBORO PIKE,Dayton,45449,,39.67047150000001,-84.223008,"(39.67047150000001, -84.223008)",Ohio
45852,360850,42.0,5.0,27.0,GEOWALG,Walgreens,2170 Us-130,6485 WILMINGTON PIKE,Dayton,45459,,39.6391023,-84.11061550000002,"(39.6391023, -84.11061550000002)",Ohio
46239,361237,44.0,5.0,28.0,GEOWALG,Walgreens,2402 E Southcross Blvd,425 FULLER AVE NE,Grand Rapids,49503,,42.97058679999999,-85.6403122,"(42.97058679999999, -85.6403122)",Michigan
46240,361238,44.0,5.0,28.0,GEOWALG,Walgreens,6140 Westbank Expy,800 LEONARD ST NW,Grand Rapids,49504,,42.9849249,-85.6888663,"(42.9849249, -85.6888663)",Michigan
46241,361239,42.0,5.0,27.0,GEOWALG,Walgreens,56 Court St,1964 FULLER AVE NE,Grand Rapids,49505,,42.9985458,-85.6393259,"(42.9985458, -85.6393259)",Michigan
46242,361240,42.0,5.0,27.0,GEOWALG,Walgreens,10925 University City Blvd,1601 KALAMAZOO AVE SE,Grand Rapids,49507,,42.9343339,-85.6394682,"(42.9343339, -85.6394682)",Michigan
46243,361241,42.0,5.0,27.0,GEOWALG,Walgreens,711 Front St,2643 KALAMAZOO AVE SE,Grand Rapids,49507,,42.9133281,-85.62945529999998,"(42.9133281, -85.62945529999998)",Michigan
46248,361246,42.0,5.0,27.0,GEOWALG,Walgreens,110 W Main St,3610 PLAINFIELD AVE NE,Grand Rapids,49525,,43.0289349,-85.6299078,"(43.0289349, -85.6299078)",Michigan
46249,361247,42.0,5.0,27.0,GEOWALG,Walgreens,11900 S Marshfield Ave,5100 E BELTLINE AVE NE,Grand Rapids,49525,,43.0548469,-85.57889279999998,"(43.0548469, -85.57889279999998)",Michigan
46252,361250,42.0,5.0,27.0,GEOWALG,Walgreens,6821 Paxton St,6790 CASCADE RD SE,Grand Rapids,49546,,42.9145084,-85.5014079,"(42.9145084, -85.5014079)",Michigan
46253,361251,44.0,5.0,28.0,GEOWALG,Walgreens,14401 S Dixie Hwy,4550 CASCADE RD SE,Grand Rapids,49546,,42.9456763,-85.5569975,"(42.9456763, -85.5569975)",Michigan
46256,361254,42.0,5.0,27.0,GEOWALG,Walgreens,1360 St Georges Ave,8 68TH ST SW,Grand Rapids,49548,,42.8402089,-85.6642723,"(42.8402089, -85.6642723)",Michigan
